Step,AUROC,Precision,Recall,F1 score,Random Seed
1276,0.31819545078614603,0.1228653803504103,0.5528942115768463,0.20105244057339866,42
