Step,AUROC,Precision,Recall,F1 score,Random Seed
1276,0.31819545078614603,0.1228653803504103,0.5528942115768463,0.20105244057339866,42
1276,0.3182080084155542,0.1228653803504103,0.5528942115768463,0.20105244057339866,42
1277,0.3182080084155542,0.1228653803504103,0.5528942115768463,0.20105244057339866,42
1277,0.3182080084155542,0.1228653803504103,0.5528942115768463,0.20105244057339866,42
0,0.3129779422761575,0.12247726768684852,0.5511477045908184,0.20041734712393397,42
0,0.3129779422761575,0.12247726768684852,0.5511477045908184,0.20041734712393397,42
