Step,AUROC,Precision,Recall,F1 score,Random Seed
1276,0.3098642493463983,0.12337824351297405,0.5552020958083832,0.20189167120304843,42
1276,0.30983634009893135,0.12337824351297405,0.5552020958083832,0.20189167120304843,42
1277,0.30983634009893135,0.12337824351297405,0.5552020958083832,0.20189167120304843,42
1277,0.30983634009893135,0.12337824351297405,0.5552020958083832,0.20189167120304843,42
0,0.3066325348344292,0.12325349301397205,0.5546407185628742,0.20168753402286335,42
0,0.3066325348344292,0.12325349301397205,0.5546407185628742,0.20168753402286335,42
