Step,AUROC,Precision,Recall,F1 score,Random Seed
1276,0.3098642493463983,0.12337824351297405,0.5552020958083832,0.20189167120304843,42
