Step,AUROC,Precision,Recall,F1 score,Random Seed
20431,0.5,0.2,1.0,0.33333333333333337,42
1276,0.30566489850809236,0.12294854734974496,0.5532684630738522,0.20118853202685538,42
