Step,AUROC,Precision,Recall,F1 score,Random Seed
1276,0.5,0.2,1.0,0.33333333333333337,42
14046,0.5,0.2,1.0,0.33333333333333337,42
12769,0.5,0.2,1.0,0.33333333333333337,10
16600,0.5,0.2,1.0,0.33333333333333337,42
17877,0.5,0.2,1.0,0.33333333333333337,42
19154,0.5,0.2,1.0,0.33333333333333337,42
20431,0.5,0.2,1.0,0.33333333333333337,42
1276,0.3193271786252221,0.2,1.0,0.33333333333333337,42
